Sku,shipping_operation,ACT,NSW,NT,QLD,SA,TAS,VIC,WA
BF1008-D-BG,Free,0,0,0,0,0,0,0,0
BF1012-K-BE,Free,0,0,0,0,0,0,0,0
CC1010-AB,Free,0,0,0,0,0,0,0,0
CH1007-4-WH,Free,0,0,0,0,0,0,0,0
E0096,Free,0,0,0,0,0,0,0,0
E0096-D,Free,0,0,0,0,0,0,0,0
E0096-Q,Free,0,0,0,0,0,0,0,0
E0125-L,Free,0,0,0,0,0,0,0,0
E0125-M,Free,0,0,0,0,0,0,0,0
E0125-XL,Free,0,0,0,0,0,0,0,0
E0125-XXL,Free,0,0,0,0,0,0,0,0
E0125-XXXL,Free,0,0,0,0,0,0,0,0
EA0247,Free,0,0,0,0,0,0,0,0
EA0247x2,Free,0,0,0,0,0,0,0,0
EC0105-WH,Free,0,0,0,0,0,0,0,0
EE1501,Free,0,0,0,0,0,0,0,0
EE1501-D,Free,0,0,0,0,0,0,0,0
EE1501-K,Free,0,0,0,0,0,0,0,0
EE1501-KS,Free,0,0,0,0,0,0,0,0
EE1501-Q,Free,0,0,0,0,0,0,0,0
EE1503-SK,Free,0,0,0,0,0,0,0,0
EE1504-D,Free,0,0,0,0,0,0,0,0
EE1504-K,Free,0,0,0,0,0,0,0,0
EE1504-KS,Free,0,0,0,0,0,0,0,0
EE1504-Q,Free,0,0,0,0,0,0,0,0
EE1504-S,Free,0,0,0,0,0,0,0,0
EE1504-SK,Free,0,0,0,0,0,0,0,0
GI0085-Orange,Free,0,0,0,0,0,0,0,0
GI0085-Pink,Free,0,0,0,0,0,0,0,0
JB1007-WH,Free,0,0,0,0,0,0,0,0
JB1008-LED-BK,Free,0,0,0,0,0,0,0,0
MS1002-S,Free,0,0,0,0,0,0,0,0
OF1011,Statebased,,,,,,,,
SC1002-BG,Free,0,0,0,0,0,0,0,0
SC1002-GR,Free,0,0,0,0,0,0,0,0
SC1003-BG,Free,0,0,0,0,0,0,0,0
SC1004-BG,Free,0,0,0,0,0,0,0,0
T4463,Free,0,0,0,0,0,0,0,0
TB1008,Free,0,0,0,0,0,0,0,0
EC1012,Free,0,0,0,0,0,0,0,0
EE1507-D,Free,0,0,0,0,0,0,0,0
FU6002-BK,Free,0,0,0,0,0,0,0,0
COMDESK-EL-1001,Free,0,0,0,0,0,0,0,0
BF1012-D-DG,Free,0,0,0,0,0,0,0,0
BF1012-D-GR,Free,0,0,0,0,0,0,0,0
BF1012-K-DG,Free,0,0,0,0,0,0,0,0
BF1012-Q-DG,Free,0,0,0,0,0,0,0,0
HW0020-BK,Free,0,0,0,0,0,0,0,0
HW0020-WH,Free,0,0,0,0,0,0,0,0
EA0268-BK,Free,0,0,0,0,0,0,0,0
EA0268-GR,Free,0,0,0,0,0,0,0,0
T4498-TL,Free,0,0,0,0,0,0,0,0
UM3002-3-BA,Free,0,0,0,0,0,0,0,0
UM3002-3-BK,Free,0,0,0,0,0,0,0,0
UM3002-8-BK,Free,0,0,0,0,0,0,0,0
SC1002-BR,Free,0,0,0,0,0,0,0,0
HD0045-2,Free,0,0,0,0,0,0,0,0
BF1004-Q-BK,Free,0,0,0,0,0,0,0,0
BF1004-Q-WH,Free,0,0,0,0,0,0,0,0
BR1016-S,Free,0,0,0,0,0,0,0,0
CH1021-BE,Free,0,0,0,0,0,0,0,0
CH1022-BE,Free,0,0,0,0,0,0,0,0
DC1001,Free,0,0,0,0,0,0,0,0
EC0904-BK,Free,0,0,0,0,0,0,0,0
MP1002-KS,Free,0,0,0,0,0,0,0,0
OF1006-SILVER,Free,0,0,0,0,0,0,0,0
BO1017-BL,Free,0,0,0,0,0,0,0,0
EC1013,Free,0,0,0,0,0,0,0,0
UM3002-3-GR,Free,0,0,0,0,0,0,0,0
UM3002-3-NT,Free,0,0,0,0,0,0,0,0
UM3002-4-BK,Free,0,0,0,0,0,0,0,0
UM3002-4-BL,Free,0,0,0,0,0,0,0,0
UM3002-6-BL,Free,0,0,0,0,0,0,0,0
UM3002-6-NT,Free,0,0,0,0,0,0,0,0
UM3002-8-BA,Free,0,0,0,0,0,0,0,0
UM3002-8-BL,Free,0,0,0,0,0,0,0,0
UM3002-8-NT,Free,0,0,0,0,0,0,0,0
BK1008-9KGS-BL,Free,0,0,0,0,0,0,0,0
BK1008-9KGS-MK,Free,0,0,0,0,0,0,0,0
BK1008-D-BL,Free,0,0,0,0,0,0,0,0
BK1008-D-MK,Free,0,0,0,0,0,0,0,0
EB0604,Free,0,0,0,0,0,0,0,0
BO1017-PK,Free,0,0,0,0,0,0,0,0
EC1011-1PK,Free,0,0,0,0,0,0,0,0
EC1011-2PK,Free,0,0,0,0,0,0,0,0
EC1014,Free,0,0,0,0,0,0,0,0
FH0309,Free,0,0,0,0,0,0,0,0
HO0477,Free,0,0,0,0,0,0,0,0
E0153,Free,0,0,0,0,0,0,0,0
BD1001-2M-D,Free,0,0,0,0,0,0,0,0
BK1008-11kgs-DP,Free,0,0,0,0,0,0,0,0
BK1008-9KGS-DP,Free,0,0,0,0,0,0,0,0
CBR002,Free,0,0,0,0,0,0,0,0
CBS005,Free,0,0,0,0,0,0,0,0
CBS008,Free,0,0,0,0,0,0,0,0
CBS009,Free,0,0,0,0,0,0,0,0
CBS013,Free,0,0,0,0,0,0,0,0
CC1021-1000,Free,0,0,0,0,0,0,0,0
CC1021-1300,Free,0,0,0,0,0,0,0,0
CC1021-900,Free,0,0,0,0,0,0,0,0
CC1022-760,Free,0,0,0,0,0,0,0,0
CC1022-900,Free,0,0,0,0,0,0,0,0
CC1026-800,Free,0,0,0,0,0,0,0,0
CC1026-900,Free,0,0,0,0,0,0,0,0
EA0269-BK,Free,0,0,0,0,0,0,0,0
EA0269-GR,Free,0,0,0,0,0,0,0,0
EA0271-GR,Free,0,0,0,0,0,0,0,0
UM3002-6-BK,Free,0,0,0,0,0,0,0,0
BK1008-9KGS-GR,Free,0,0,0,0,0,0,0,0
MS1002-Q,Free,0,0,0,0,0,0,0,0
TB1003,Free,0,0,0,0,0,0,0,0
UM3002-4-NT,Free,0,0,0,0,0,0,0,0
TB1005,Free,0,0,0,0,0,0,0,0
EC0904-GRY,Free,0,0,0,0,0,0,0,0
HD0045-4,Free,0,0,0,0,0,0,0,0
HD0045,Free,0,0,0,0,0,0,0,0
HD0045-1,Free,0,0,0,0,0,0,0,0
HD0045-5,Free,0,0,0,0,0,0,0,0
HD0045-6,Free,0,0,0,0,0,0,0,0
GD1001-Z-BK,Free,0,0,0,0,0,0,0,0
GD1002-K-RD,Free,0,0,0,0,0,0,0,0
BLANKETW01-D-11KG-GY,Free,0,0,0,0,0,0,0,0
BLANKETW01-D-9KG-GY,Free,0,0,0,0,0,0,0,0
BLANKETW01-S-9KG-GY,Free,0,0,0,0,0,0,0,0
FU6001-BK,Free,0,0,0,0,0,0,0,0
FU6001-WH,Free,0,0,0,0,0,0,0,0
EB1001-WH,Free,0,0,0,0,0,0,0,0
EA0246-CF,Free,0,0,0,0,0,0,0,0
EA0248-CF,Free,0,0,0,0,0,0,0,0
EA0250-CF,Free,0,0,0,0,0,0,0,0
ED0913-2-CH,Free,0,0,0,0,0,0,0,0
ED0913-2-GY,Free,0,0,0,0,0,0,0,0
FU9001-OA,Free,0,0,0,0,0,0,0,0
FU9001-WH,Free,0,0,0,0,0,0,0,0
HC1001-BK,Free,0,0,0,0,0,0,0,0
HC1001-GN,Free,0,0,0,0,0,0,0,0
HC1002-BK,Free,0,0,0,0,0,0,0,0
HC1002-GN,Free,0,0,0,0,0,0,0,0
HD0045-3,Free,0,0,0,0,0,0,0,0
AP0024-M,Free,0,0,0,0,0,0,0,0
AP0024-S,Free,0,0,0,0,0,0,0,0
BR1005-F-BG,Free,0,0,0,0,0,0,0,0
BR1005-F-BGx2,Free,0,0,0,0,0,0,0,0
BR1005-L-BK,Free,0,0,0,0,0,0,0,0
BR1005-L-BKx2,Free,0,0,0,0,0,0,0,0
EG1207-1S-BK,Free,0,0,0,0,0,0,0,0
EG1207-1S-GN,Free,0,0,0,0,0,0,0,0
EG1207-1S-NV,Free,0,0,0,0,0,0,0,0
EG1207-1S-WI,Free,0,0,0,0,0,0,0,0
EG1207-2S-BK,Free,0,0,0,0,0,0,0,0
EG1207-2S-NV,Free,0,0,0,0,0,0,0,0
EG1207-2S-WI,Free,0,0,0,0,0,0,0,0
EG1207-4S-BK,Free,0,0,0,0,0,0,0,0
EG1207-4S-NV,Free,0,0,0,0,0,0,0,0
EG1207-4S-WI,Free,0,0,0,0,0,0,0,0
FU6002-OA,Free,0,0,0,0,0,0,0,0
DT2003,Free,0,0,0,0,0,0,0,0
BR1005-F-KA,Free,0,0,0,0,0,0,0,0
BF1008-K-BG,Free,0,0,0,0,0,0,0,0
BF1008-K-DG,Free,0,0,0,0,0,0,0,0
EG1202-S-BK,Free,0,0,0,0,0,0,0,0
EG1202-XL-BK,Free,0,0,0,0,0,0,0,0
HO0510-L,Free,0,0,0,0,0,0,0,0
HO0510-M,Free,0,0,0,0,0,0,0,0
HO0510-S,Free,0,0,0,0,0,0,0,0
HO0510-XL,Free,0,0,0,0,0,0,0,0
BF1006-K,Free,0,0,0,0,0,0,0,0
BO1007,Free,0,0,0,0,0,0,0,0
BR1005-L-CR,Free,0,0,0,0,0,0,0,0
CH1007-2-BK,Free,0,0,0,0,0,0,0,0
CH1007-4-BK,Free,0,0,0,0,0,0,0,0
JB1003-WH,Free,0,0,0,0,0,0,0,0
T4498-BKx2,Free,0,0,0,0,0,0,0,0
T4498-WHx2,Free,0,0,0,0,0,0,0,0
VM1006-WH,Free,0,0,0,0,0,0,0,0
BF1008-D-DG,Free,0,0,0,0,0,0,0,0
BF1008-Q-BG,Free,0,0,0,0,0,0,0,0
BF1008-Q-DG,Free,0,0,0,0,0,0,0,0
BO1008,Free,0,0,0,0,0,0,0,0
CD1003-140X230-TP,Free,0,0,0,0,0,0,0,0
CH1009-4-BK,Free,0,0,0,0,0,0,0,0
E0054-8-CH,Free,0,0,0,0,0,0,0,0
SC1002-BK,Free,0,0,0,0,0,0,0,0
SC1002-CF,Free,0,0,0,0,0,0,0,0
SC1002-KA,Free,0,0,0,0,0,0,0,0
SC1003-CF,Free,0,0,0,0,0,0,0,0
SC1003-KA,Free,0,0,0,0,0,0,0,0
SC1004-BK,Free,0,0,0,0,0,0,0,0
SC1004-CF,Free,0,0,0,0,0,0,0,0
SC1004-GR,Free,0,0,0,0,0,0,0,0
SC1004-KA,Free,0,0,0,0,0,0,0,0
TA1015-OA,Free,0,0,0,0,0,0,0,0
TB1004,Free,0,0,0,0,0,0,0,0
FU6002-WH,Free,0,0,0,0,0,0,0,0
E0045-NOPIN,Free,0,0,0,0,0,0,0,0
E0045-NOPIN-BK,Free,0,0,0,0,0,0,0,0
T4463-BK,Free,0,0,0,0,0,0,0,0
T4463-NOPIN,Free,0,0,0,0,0,0,0,0
T4463-NOPIN-BK,Free,0,0,0,0,0,0,0,0
BF1004-KS-BK,Free,0,0,0,0,0,0,0,0
JB1002-BK,Free,0,0,0,0,0,0,0,0
JB1003-BK,Free,0,0,0,0,0,0,0,0
JB1006-BK,Free,0,0,0,0,0,0,0,0
JB1007-BK,Free,0,0,0,0,0,0,0,0
JB1007-LED-BK,Free,0,0,0,0,0,0,0,0
JB1007-LED-WH,Free,0,0,0,0,0,0,0,0
JB1009-WH,Free,0,0,0,0,0,0,0,0
JB1010-LED-WH,Free,0,0,0,0,0,0,0,0
E0045-BK,Free,0,0,0,0,0,0,0,0
CH1009-4-WH,Free,0,0,0,0,0,0,0,0
EG1206-2S-BK,Free,0,0,0,0,0,0,0,0
EG1206-2S-CY,Free,0,0,0,0,0,0,0,0
EG1206-2S-SA,Free,0,0,0,0,0,0,0,0
EG1206-3S-BK,Free,0,0,0,0,0,0,0,0
EG1206-3S-CY,Free,0,0,0,0,0,0,0,0
EG1206-3S-SA,Free,0,0,0,0,0,0,0,0
EG1206-4S-BK,Free,0,0,0,0,0,0,0,0
EG1206-4S-CY,Free,0,0,0,0,0,0,0,0
EG1206-4S-SA,Free,0,0,0,0,0,0,0,0
GAMINGSET-KRD-CHAIRSL,Free,0,0,0,0,0,0,0,0
GAMINGSET-ZBK-CHAIRSL,Free,0,0,0,0,0,0,0,0
MP1005-BAM-D,Free,0,0,0,0,0,0,0,0
MP1005-BAM-K,Free,0,0,0,0,0,0,0,0
MP1005-BAM-KS,Free,0,0,0,0,0,0,0,0
MP1005-BAM-Q,Free,0,0,0,0,0,0,0,0
RL1003-1.7M-WH,Free,0,0,0,0,0,0,0,0
RL1004-1.7M-WH,Free,0,0,0,0,0,0,0,0
SC1024-GY,Free,0,0,0,0,0,0,0,0
SC1024-NV,Free,0,0,0,0,0,0,0,0
SC1024-SA,Free,0,0,0,0,0,0,0,0
OF1018-BK,Free,0,0,0,0,0,0,0,0
OF1018-BK-NOP,Free,0,0,0,0,0,0,0,0
OF1018-BR,Free,0,0,0,0,0,0,0,0
OF1018-BR-NOP,Free,0,0,0,0,0,0,0,0
OF1019-BK,Free,0,0,0,0,0,0,0,0
OF1019-GI,Free,0,0,0,0,0,0,0,0
CH1007-2-GY,Free,0,0,0,0,0,0,0,0
LI0386,Free,0,0,0,0,0,0,0,0
VM1011-BK,Free,0,0,0,0,0,0,0,0
VM1014-WH,Free,0,0,0,0,0,0,0,0
DH1023-BK,Free,0,0,0,0,0,0,0,0
SC1002-R-BGKA,Free,0,0,0,0,0,0,0,0
SC1002-R-CFKA,Free,0,0,0,0,0,0,0,0
SC1022-BK,Free,0,0,0,0,0,0,0,0
SC1022-GI,Free,0,0,0,0,0,0,0,0
SC1022-GY,Free,0,0,0,0,0,0,0,0
SC1022-TL,Free,0,0,0,0,0,0,0,0
SC1022-WI,Free,0,0,0,0,0,0,0,0
SC1023-BK,Free,0,0,0,0,0,0,0,0
SC1023-CF,Free,0,0,0,0,0,0,0,0
SC1023-GI,Free,0,0,0,0,0,0,0,0
SC1023-GY,Free,0,0,0,0,0,0,0,0
SC1023-TL,Free,0,0,0,0,0,0,0,0
SC1023-WI,Free,0,0,0,0,0,0,0,0
BF1004-D-BK,Free,0,0,0,0,0,0,0,0
BF1004-K-BK,Free,0,0,0,0,0,0,0,0
BR1013,Free,0,0,0,0,0,0,0,0
BR1013x2,Free,0,0,0,0,0,0,0,0
BR1016-S-BR1001-2,Free,0,0,0,0,0,0,0,0
BS1005-2,Free,0,0,0,0,0,0,0,0
BS1005-3,Free,0,0,0,0,0,0,0,0
CH1007-2-WH,Free,0,0,0,0,0,0,0,0
CH1007-4-GR,Free,0,0,0,0,0,0,0,0
CH1021-BEx2,Free,0,0,0,0,0,0,0,0
CH1021-GR,Free,0,0,0,0,0,0,0,0
CH1021-GRx2,Free,0,0,0,0,0,0,0,0
CH1024-CR,Statebased,,,,,,,,
CH1024-GR,Statebased,,,,,,,,
E0045,Free,0,0,0,0,0,0,0,0
E0107-BK,Free,0,0,0,0,0,0,0,0
E0156-D,Free,0,0,0,0,0,0,0,0
E0156-K,Free,0,0,0,0,0,0,0,0
E0156-Q,Free,0,0,0,0,0,0,0,0
EA0237-4,Free,0,0,0,0,0,0,0,0
EA0237-4W,Free,0,0,0,0,0,0,0,0
EA0248,Free,0,0,0,0,0,0,0,0
EB0503-K,Free,0,0,0,0,0,0,0,0
EB0503-Q,Free,0,0,0,0,0,0,0,0
EB1001-BK,Free,0,0,0,0,0,0,0,0
EC0105-BR,Free,0,0,0,0,0,0,0,0
EC0106-BR,Free,0,0,0,0,0,0,0,0
EG1202-L-BK,Free,0,0,0,0,0,0,0,0
EG1202-L-CR,Free,0,0,0,0,0,0,0,0
EG1202-L-GR,Free,0,0,0,0,0,0,0,0
EG1202-L-TP,Free,0,0,0,0,0,0,0,0
EG1202-M-BG,Free,0,0,0,0,0,0,0,0
EG1202-M-BK,Free,0,0,0,0,0,0,0,0
EG1202-M-GR,Free,0,0,0,0,0,0,0,0
EG1202-M-TP,Free,0,0,0,0,0,0,0,0
EG1202-S-CR,Free,0,0,0,0,0,0,0,0
EG1202-S-GR,Free,0,0,0,0,0,0,0,0
EG1202-S-TP,Free,0,0,0,0,0,0,0,0
HF1004-K-CR,Free,0,0,0,0,0,0,0,0
SC1004-OL,Free,0,0,0,0,0,0,0,0
UL0102,Free,0,0,0,0,0,0,0,0
BS1013,Free,0,0,0,0,0,0,0,0
SC1003-TL,Free,0,0,0,0,0,0,0,0
SC1004-TL,Free,0,0,0,0,0,0,0,0
CC1021-1100,Free,0,0,0,0,0,0,0,0
CC1021-1200,Free,0,0,0,0,0,0,0,0
CC1021-1400,Free,0,0,0,0,0,0,0,0
CC1021-1500,Free,0,0,0,0,0,0,0,0
CC1023-760,Free,0,0,0,0,0,0,0,0
CC1024-760,Free,0,0,0,0,0,0,0,0
CC1024-900,Free,0,0,0,0,0,0,0,0
UM3002-3-BL,Free,0,0,0,0,0,0,0,0
UM3002-4-BA,Free,0,0,0,0,0,0,0,0
UM3002-6-BA,Free,0,0,0,0,0,0,0,0
SC1002-WI,Free,0,0,0,0,0,0,0,0
SC1003-BR,Free,0,0,0,0,0,0,0,0
SC1003-OL,Free,0,0,0,0,0,0,0,0
SC1003-WI,Free,0,0,0,0,0,0,0,0
SC1004-BR,Free,0,0,0,0,0,0,0,0
SC1004-WI,Free,0,0,0,0,0,0,0,0
COMDESK1002-BK,Free,0,0,0,0,0,0,0,0
COMDESK-BK,Free,0,0,0,0,0,0,0,0
EC0908-BK,Free,0,0,0,0,0,0,0,0
ED0913-2-BUR,Free,0,0,0,0,0,0,0,0
ED0913-2-KH,Free,0,0,0,0,0,0,0,0
ED0913-2-NV,Free,0,0,0,0,0,0,0,0
UL0103-WH,Free,0,0,0,0,0,0,0,0
UL0104-WH,Free,0,0,0,0,0,0,0,0
BR1001,Free,0,0,0,0,0,0,0,0
BR1001-2,Free,0,0,0,0,0,0,0,0
BR1003,Free,0,0,0,0,0,0,0,0
BR1005-F-GR,Free,0,0,0,0,0,0,0,0
BR1005-F-GRx2,Free,0,0,0,0,0,0,0,0
BR1005-L-CRx2,Free,0,0,0,0,0,0,0,0
MP1002-D,Free,0,0,0,0,0,0,0,0
MP1002-K,Free,0,0,0,0,0,0,0,0
MP1002-Q,Free,0,0,0,0,0,0,0,0
MP1002-S,Free,0,0,0,0,0,0,0,0
MP1002-SK,Free,0,0,0,0,0,0,0,0
MP1003-D,Free,0,0,0,0,0,0,0,0
MP1003-K,Free,0,0,0,0,0,0,0,0
MP1003-KS,Free,0,0,0,0,0,0,0,0
MP1003-Q,Free,0,0,0,0,0,0,0,0
MP1003-S,Free,0,0,0,0,0,0,0,0
MP1003-SK,Free,0,0,0,0,0,0,0,0
MS1002-D,Free,0,0,0,0,0,0,0,0
MS1002-K,Free,0,0,0,0,0,0,0,0
MS1002-KS,Free,0,0,0,0,0,0,0,0
MS1003-D,Free,0,0,0,0,0,0,0,0
MS1003-K,Free,0,0,0,0,0,0,0,0
MS1003-KS,Free,0,0,0,0,0,0,0,0
MS1003-Q,Free,0,0,0,0,0,0,0,0
MS1003-S,Free,0,0,0,0,0,0,0,0
SC1022-CF,Free,0,0,0,0,0,0,0,0
BC1006-2-TP,Free,0,0,0,0,0,0,0,0
BC1007-2-TP,Free,0,0,0,0,0,0,0,0
BC1008-2-TP,Free,0,0,0,0,0,0,0,0
BC1009-2-TP,Free,0,0,0,0,0,0,0,0
ED0913-2-DGN,Free,0,0,0,0,0,0,0,0
HO0576-3-BK,Free,0,0,0,0,0,0,0,0
HO0576-3-TF,Free,0,0,0,0,0,0,0,0
HO0576-3-WH,Free,0,0,0,0,0,0,0,0
SC1003-GI,Free,0,0,0,0,0,0,0,0
SC1004-GI,Free,0,0,0,0,0,0,0,0
CH1033-GY,Free,0,0,0,0,0,0,0,0
PLS-RAYDUS-BL,Free,0,0,0,0,0,0,0,0
PLS-RAYDUS-OR,Free,0,0,0,0,0,0,0,0
PLS-RAYDUS-GR,Free,0,0,0,0,0,0,0,0
BR1032-2-GY,Free,0,0,0,0,0,0,0,0
BR1033-2-GN,Free,0,0,0,0,0,0,0,0
BR1033-2-GY,Free,0,0,0,0,0,0,0,0
CH1029-2-GY,Free,0,0,0,0,0,0,0,0
CH1030-WH,Free,0,0,0,0,0,0,0,0
CH1031-2-GY,Free,0,0,0,0,0,0,0,0
DH1019-3-BL,Free,0,0,0,0,0,0,0,0
DH1021-DG,Free,0,0,0,0,0,0,0,0
DH1026-WH,Free,0,0,0,0,0,0,0,0
OD1006-1x1.2,Free,0,0,0,0,0,0,0,0
OD1006-1x1.5,Free,0,0,0,0,0,0,0,0
OD1006-1x2.4,Free,0,0,0,0,0,0,0,0
OD1006-1x4,Free,0,0,0,0,0,0,0,0
OD1007-BK,Free,0,0,0,0,0,0,0,0
OD1007-BR,Free,0,0,0,0,0,0,0,0
OD1012-BL,Free,0,0,0,0,0,0,0,0
OD1012-BLX2,Free,0,0,0,0,0,0,0,0
UM1195-3-WH,Free,0,0,0,0,0,0,0,0
UM1195-4-WH,Free,0,0,0,0,0,0,0,0
UM1195-5-WH,Free,0,0,0,0,0,0,0,0
BEAN1001-TA,Free,0,0,0,0,0,0,0,0
BEAN1002-GY,Free,0,0,0,0,0,0,0,0
COMDESK1003-BK,Free,0,0,0,0,0,0,0,0
COMDESK1004-BK,Free,0,0,0,0,0,0,0,0
DH1025-BK,Free,0,0,0,0,0,0,0,0
DH1025-WH,Free,0,0,0,0,0,0,0,0
TIJ-CB1001-15L,Free,0,0,0,0,0,0,0,0
BEAN1003-CR,Free,0,0,0,0,0,0,0,0
BEAN1003-GY,Free,0,0,0,0,0,0,0,0
BF1025-Q-CH,Free,0,0,0,0,0,0,0,0
BF1027-Q-PK,Free,0,0,0,0,0,0,0,0
BF1028-D-CH,Free,0,0,0,0,0,0,0,0
DH1028-WH,Free,0,0,0,0,0,0,0,0
DH1028-WHCO,Free,0,0,0,0,0,0,0,0
DH1028-WHMT,Free,0,0,0,0,0,0,0,0
DH1028-WHWA,Free,0,0,0,0,0,0,0,0
DH1029-WH,Free,0,0,0,0,0,0,0,0
DH1029-WHCO,Free,0,0,0,0,0,0,0,0
DH1029-WHMT,Free,0,0,0,0,0,0,0,0
DH1029-WHWA,Free,0,0,0,0,0,0,0,0
DH1030-4-CO,Free,0,0,0,0,0,0,0,0
DH1030-4-MT,Free,0,0,0,0,0,0,0,0
DH1030-4-WA,Free,0,0,0,0,0,0,0,0
EA0268-NV,Free,0,0,0,0,0,0,0,0
EA0269-NV,Free,0,0,0,0,0,0,0,0
EA0271-NV,Free,0,0,0,0,0,0,0,0
MO0555-BK,Free,0,0,0,0,0,0,0,0
SO1015-S-5PK,Free,0,0,0,0,0,0,0,0
BC1010-180x230-ST,Free,0,0,0,0,0,0,0,0
BC1010-240x230-MU,Free,0,0,0,0,0,0,0,0
BC1010-240x230-ST,Free,0,0,0,0,0,0,0,0
DH1027-BK,Free,0,0,0,0,0,0,0,0
DH1027-BR,Free,0,0,0,0,0,0,0,0
MP1007-D,Free,0,0,0,0,0,0,0,0
MP1007-K,Free,0,0,0,0,0,0,0,0
BR1034-2,Free,0,0,0,0,0,0,0,0
BR1035-2,Free,0,0,0,0,0,0,0,0
BR1036-2-BK,Free,0,0,0,0,0,0,0,0
BR1039-2-BR,Free,0,0,0,0,0,0,0,0
CH1030CH1031,Free,0,0,0,0,0,0,0,0
CH1032-WH,Free,0,0,0,0,0,0,0,0
DH1031-BK,Free,0,0,0,0,0,0,0,0
KD1001,Free,0,0,0,0,0,0,0,0
KD1003,Free,0,0,0,0,0,0,0,0
KD1004,Free,0,0,0,0,0,0,0,0
OF1025-F-BL,Free,0,0,0,0,0,0,0,0
OF1025-L-GY,Free,0,0,0,0,0,0,0,0
UL0106,Free,0,0,0,0,0,0,0,0
STK-SE-JBFC01,Free,0,0,0,0,0,0,0,0
STK-SE-JBFC02,Free,0,0,0,0,0,0,0,0
STK-SE-JBFC03,Free,0,0,0,0,0,0,0,0
STK-SE-1011,Free,0,0,0,0,0,0,0,0
STK-SE-1102,Free,0,0,0,0,0,0,0,0
STK-SE-1103A,Free,0,0,0,0,0,0,0,0
STK-SE-1103B,Free,0,0,0,0,0,0,0,0
STK-SE-1103C,Free,0,0,0,0,0,0,0,0
STK-SE-1106,Free,0,0,0,0,0,0,0,0
STK-SE-172056A,Free,0,0,0,0,0,0,0,0
STK-SE-172056B,Free,0,0,0,0,0,0,0,0
STK-SE-2001,Free,0,0,0,0,0,0,0,0
STK-SE-2002,Free,0,0,0,0,0,0,0,0
STK-SE-2002A,Free,0,0,0,0,0,0,0,0
STK-SE-2002D,Free,0,0,0,0,0,0,0,0
STK-SE2002E,Free,0,0,0,0,0,0,0,0
STK-SE-200808A,Free,0,0,0,0,0,0,0,0
STK-SE-200808B,Free,0,0,0,0,0,0,0,0
STK-SE-200808C,Free,0,0,0,0,0,0,0,0
STK-SE-200813,Free,0,0,0,0,0,0,0,0
STK-SE-200814,Free,0,0,0,0,0,0,0,0
STK-SE-200815,Free,0,0,0,0,0,0,0,0
STK-SE-200816,Free,0,0,0,0,0,0,0,0
STK-SE-200817,Free,0,0,0,0,0,0,0,0
STK-SE-CKBB-202024-T,Free,0,0,0,0,0,0,0,0
STK-SE-CKBB-202032-SG,Free,0,0,0,0,0,0,0,0
STK-SE-VLBB-202032,Free,0,0,0,0,0,0,0,0
STK-SE-CKBB-202042,Free,0,0,0,0,0,0,0,0
STK-SE-BFC-C1,Free,0,0,0,0,0,0,0,0
STK-SE-BFC-C2,Free,0,0,0,0,0,0,0,0
"STK-SE- BC-202099",Free,0,0,0,0,0,0,0,0
"STK-SE- BC-202099 A",Free,0,0,0,0,0,0,0,0
MSL-LED-CT001,Free,0,0,0,0,0,0,0,0
MSL-CT001,Free,0,0,0,0,0,0,0,0
MSL-TV1001,Free,0,0,0,0,0,0,0,0
MSL-MD-TV1001,Free,0,0,0,0,0,0,0,0
MSL-CTTV-WN,Free,0,0,0,0,0,0,0,0
AP0035,Free,0,0,0,0,0,0,0,0
BF1026-Q-GY,Free,0,0,0,0,0,0,0,0
BR1037-2-BK,Free,0,0,0,0,0,0,0,0
BR1038-2-BR,Free,0,0,0,0,0,0,0,0
BR1040-2-BK,Free,0,0,0,0,0,0,0,0
CH1034-2-BL,Free,0,0,0,0,0,0,0,0
CH1034-2-DG,Free,0,0,0,0,0,0,0,0
CH1034-2-YL,Free,0,0,0,0,0,0,0,0
CH1036-40x40-BZ,Free,0,0,0,0,0,0,0,0
CH1036-40x40-GD,Free,0,0,0,0,0,0,0,0
CH1036-40x40-WH,Free,0,0,0,0,0,0,0,0
CH1037-2-GY,Free,0,0,0,0,0,0,0,0
CH1037-2-MU,Free,0,0,0,0,0,0,0,0
CH1037-2-NV,Free,0,0,0,0,0,0,0,0
CH1037-2-PK,Free,0,0,0,0,0,0,0,0
DH1032-BK,Free,0,0,0,0,0,0,0,0
DH1032-BR,Free,0,0,0,0,0,0,0,0
DH1032-WO,Free,0,0,0,0,0,0,0,0
EA0248-R-BK,Free,0,0,0,0,0,0,0,0
EA0248-R-CF,Free,0,0,0,0,0,0,0,0
EG1208-1S-BK,Free,0,0,0,0,0,0,0,0
EG1208-1S-GY,Free,0,0,0,0,0,0,0,0
EG1208-1S-NV,Free,0,0,0,0,0,0,0,0
EG1208-2S-BK,Free,0,0,0,0,0,0,0,0
EG1208-2S-GY,Free,0,0,0,0,0,0,0,0
EG1208-2S-NV,Free,0,0,0,0,0,0,0,0
EG1208-3S-BK,Free,0,0,0,0,0,0,0,0
EG1208-3S-GY,Free,0,0,0,0,0,0,0,0
EG1208-3S-NV,Free,0,0,0,0,0,0,0,0
EG1208-4S-BK,Free,0,0,0,0,0,0,0,0
EG1208-4S-GY,Free,0,0,0,0,0,0,0,0
EG1208-4S-NV,Free,0,0,0,0,0,0,0,0
HO0576-3-GY,Free,0,0,0,0,0,0,0,0
HO0576-3-PK,Free,0,0,0,0,0,0,0,0
OD1013-L-BE,Free,0,0,0,0,0,0,0,0
OD1013-M-BE,Free,0,0,0,0,0,0,0,0
OD1013-S-BE,Free,0,0,0,0,0,0,0,0
OD1013-XL-BE,Free,0,0,0,0,0,0,0,0
OF1024-H-BKx2,Free,0,0,0,0,0,0,0,0
OF1024-H-WHx2,Free,0,0,0,0,0,0,0,0
OF1024-M-BK,Free,0,0,0,0,0,0,0,0
OF1024-M-WH,Free,0,0,0,0,0,0,0,0
UL0103-120-WH,Free,0,0,0,0,0,0,0,0
UL0103-180-WH,Free,0,0,0,0,0,0,0,0
UM1204-460L-BK,Free,0,0,0,0,0,0,0,0
UM1205-290L-BK,Free,0,0,0,0,0,0,0,0
AP0036-S,Free,0,0,0,0,0,0,0,0
CH1035-2-BK,Free,0,0,0,0,0,0,0,0
CH1035-2-OA,Free,0,0,0,0,0,0,0,0
CH1039-NT,Free,0,0,0,0,0,0,0,0
CH1040-NT,Free,0,0,0,0,0,0,0,0
CH1041-2-NT,Free,0,0,0,0,0,0,0,0
CH1041-2-WH,Free,0,0,0,0,0,0,0,0
HW0063-20M,Free,0,0,0,0,0,0,0,0
HW0063-25M,Free,0,0,0,0,0,0,0,0
THW-MATT-27-EURO-TOP-S,Free,0,0,0,0,0,0,0,0
THW-MATT-27-EURO-TOP-KS,Free,0,0,0,0,0,0,0,0
THW-MATT-27-EURO-TOP-D,Free,0,0,0,0,0,0,0,0
THW-MATT-27-EURO-TOP-Q,Free,0,0,0,0,0,0,0,0
THW-MATT-27-EURO-TOP-K,Free,0,0,0,0,0,0,0,0
THW-MATT-ZD-25-S,Free,0,0,0,0,0,0,0,0
THW-MATT-ZD-25-KS,Free,0,0,0,0,0,0,0,0
THW-MATT-ZD-25-D,Free,0,0,0,0,0,0,0,0
THW-MATT-ZD-25-Q,Free,0,0,0,0,0,0,0,0
THW-MATT-ZD-25-K,Free,0,0,0,0,0,0,0,0
THW-MATT-30-EURO-TOP-S,Free,0,0,0,0,0,0,0,0
THW-MATT-30-EURO-TOP-KS,Free,0,0,0,0,0,0,0,0
THW-MATT-30-EURO-TOP-D,Free,0,0,0,0,0,0,0,0
THW-MATT-30-EURO-TOP-Q,Free,0,0,0,0,0,0,0,0
THW-MATT-30-EURO-TOP-K,Free,0,0,0,0,0,0,0,0
THW-MATT-21-EURO-TOP-S,Free,0,0,0,0,0,0,0,0
THW-MATT-21-EURO-TOP-KS,Free,0,0,0,0,0,0,0,0
THW-MATT-21-EURO-TOP-D,Free,0,0,0,0,0,0,0,0
THW-MATT-21-EURO-TOP-Q,Free,0,0,0,0,0,0,0,0
THW-MATT-21-EURO-TOP-K,Free,0,0,0,0,0,0,0,0
THW-Foam-25-TOP-D,Free,0,0,0,0,0,0,0,0
THW-Foam-25-TOP-Q,Free,0,0,0,0,0,0,0,0
THW-Foam-25-TOP-K,Free,0,0,0,0,0,0,0,0
BF1012-K-GY,Free,0,0,0,0,0,0,0,0
BF1012-Q-GY,Free,0,0,0,0,0,0,0,0
BO1013-GY,Free,0,0,0,0,0,0,0,0
BO1013-WH,Free,0,0,0,0,0,0,0,0
HO0402-TF,Free,0,0,0,0,0,0,0,0
OF1022-BK,Free,0,0,0,0,0,0,0,0
OF1022-GY,Free,0,0,0,0,0,0,0,0
CH1038,Free,0,0,0,0,0,0,0,0
DH1026-BK,Free,0,0,0,0,0,0,0,0
OF1024-H-BK,Free,0,0,0,0,0,0,0,0
OF1024-H-WH,Free,0,0,0,0,0,0,0,0
OF1028-L-BK,Free,0,0,0,0,0,0,0,0
SC1002-GI,Free,0,0,0,0,0,0,0,0
TA1024-OA,Free,0,0,0,0,0,0,0,0
TA1025-OA,Free,0,0,0,0,0,0,0,0
SAT-DESK-003-BK,ExtraShipping,6,6,100,26,36,36,6,36
SAT-DESK-006-NA,ExtraShipping,6,6,100,16,26,26,6,26
SAT-DESK-006-BK,ExtraShipping,6,6,100,16,26,26,6,26
OD1015-BG,Statebased,,,,,,,,
OD1015-BG-WITHBASE,Statebased,,,,,,,,
OD1015-GY,Statebased,,,,,,,,
OD1015-GY-WITHBASE,Statebased,,,,,,,,
UA0140-GY,ExtraShipping,,0,40.99,15.99,0,17.99,0,24.99
BED1001-D-NV,Free,0,0,0,0,0,0,0,0
BED1001-D-TP,Free,0,0,0,0,0,0,0,0
BED1001-K-NV,Free,0,0,0,0,0,0,0,0
BED1001-K-TP,Free,0,0,0,0,0,0,0,0
BED1001-Q-NV,Free,0,0,0,0,0,0,0,0
BED1001-Q-TP,Free,0,0,0,0,0,0,0,0
BED1001-SK-NV,Free,0,0,0,0,0,0,0,0
BED1001-SK-TP,Free,0,0,0,0,0,0,0,0
BED1002-D-MT,Free,0,0,0,0,0,0,0,0
BED1002-D-SL,Free,0,0,0,0,0,0,0,0
BED1002-K-MT,Free,0,0,0,0,0,0,0,0
BED1002-K-SL,Free,0,0,0,0,0,0,0,0
BED1002-KS-MT,Free,0,0,0,0,0,0,0,0
BED1002-KS-SL,Free,0,0,0,0,0,0,0,0
BED1002-Q-MT,Free,0,0,0,0,0,0,0,0
BED1002-Q-SL,Free,0,0,0,0,0,0,0,0
BED1003-D-DG,Free,0,0,0,0,0,0,0,0
BED1003-D-SL,Free,0,0,0,0,0,0,0,0
BED1003-K-DG,Free,0,0,0,0,0,0,0,0
BED1003-K-MT,Free,0,0,0,0,0,0,0,0
BED1003-K-SL,Free,0,0,0,0,0,0,0,0
BED1003-Q-MT,Free,0,0,0,0,0,0,0,0
BED1003-Q-SL,Free,0,0,0,0,0,0,0,0
BED1003-SK-DG,Free,0,0,0,0,0,0,0,0
BED1003-SK-MT,Free,0,0,0,0,0,0,0,0
BED1003-SK-SL,Free,0,0,0,0,0,0,0,0
BR1001x4,Free,0,0,0,0,0,0,0,0
"BR1003 X2",Free,0,0,0,0,0,0,0,0
LI0361-BKBG,Free,0,0,0,0,0,0,0,0
LI0361-WHWH,Free,0,0,0,0,0,0,0,0
LI0362-BG,Free,0,0,0,0,0,0,0,0
LI0362-BK,Free,0,0,0,0,0,0,0,0
LI0362-WH,Free,0,0,0,0,0,0,0,0
SC1002-TL,Free,0,0,0,0,0,0,0,0
THW-ORO-D,Free,0,0,0,0,0,0,0,0
THW-ORO-Q,Free,0,0,0,0,0,0,0,0
THW-ORO-K,Free,0,0,0,0,0,0,0,0
THW-PALERMO-CHARCOAL-DOUBLE,Free,0,0,0,0,0,0,0,0
THW-PALERMO-CHARCOAL-QUEEN,Free,0,0,0,0,0,0,0,0
THW-PALERMO-CHARCOAL-KING,Free,0,0,0,0,0,0,0,0
THW-PALERMO-GREY-DOUBLE,Free,0,0,0,0,0,0,0,0
THW-PALERMO-GREY-QUEEN,Free,0,0,0,0,0,0,0,0
THW-PALERMO-GREY-KING,Free,0,0,0,0,0,0,0,0
THW-STELLA-CHAR-D,Free,0,0,0,0,0,0,0,0
THW-STELLA-CHAR-Q,Free,0,0,0,0,0,0,0,0
THW-STELLA-CHAR-K,Free,0,0,0,0,0,0,0,0
THW-STELLA-GREY-D,Free,0,0,0,0,0,0,0,0
THW-STELLA-GREY-Q,Free,0,0,0,0,0,0,0,0
THW-STELLA-GREY-K,Free,0,0,0,0,0,0,0,0
BR1033-2-BL,Free,0,0,0,0,0,0,0,0
CH1036-40x40-CE,Free,0,0,0,0,0,0,0,0
DH1033-BK,Free,0,0,0,0,0,0,0,0
DH1033-WH,Free,0,0,0,0,0,0,0,0
E0045-SQ,Free,0,0,0,0,0,0,0,0
E0045-SQ-BK,Free,0,0,0,0,0,0,0,0
OD1005-GN,Free,0,0,0,0,0,0,0,0
OD1005-RD,Free,0,0,0,0,0,0,0,0
T4463-SQ,Free,0,0,0,0,0,0,0,0
T4463-SQ-BK,Free,0,0,0,0,0,0,0,0
PLS-RY-X-BK,Free,0,0,0,0,0,0,0,0
PLS-RY-X-RD,Free,0,0,0,0,0,0,0,0
PLS-RY-X-BL,Free,0,0,0,0,0,0,0,0
PLS-C-TABLE-LED-WH,Free,0,0,0,0,0,0,0,0
BR1001-BACK,Free,0,0,0,0,0,0,0,0
BR1001-BACKx2,Free,0,0,0,0,0,0,0,0
BR1001-BACKx4,Free,0,0,0,0,0,0,0,0
BR1003X4,Free,0,0,0,0,0,0,0,0
BR1013-BACK,Free,0,0,0,0,0,0,0,0
BR1013-BACKx2,Free,0,0,0,0,0,0,0,0
BR1013-BACKx4,Free,0,0,0,0,0,0,0,0
BR1035-2x2,Free,0,0,0,0,0,0,0,0
BR1041-1-WH,Free,0,0,0,0,0,0,0,0
BR1042-BK,Free,0,0,0,0,0,0,0,0
BR1042-GY,Free,0,0,0,0,0,0,0,0
BR1043-1-BK,Free,0,0,0,0,0,0,0,0
CH1043-BR,Free,0,0,0,0,0,0,0,0
HO0575-5-RD,Free,0,0,0,0,0,0,0,0
HW0118-350MM,Free,0,0,0,0,0,0,0,0
HW0118-400MM,Free,0,0,0,0,0,0,0,0
HW0118-450MM,Free,0,0,0,0,0,0,0,0
HW0118-500MM,Free,0,0,0,0,0,0,0,0
HW0118-559MM,Free,0,0,0,0,0,0,0,0
HW0118-610MM,Free,0,0,0,0,0,0,0,0
HW0118-660MM,Free,0,0,0,0,0,0,0,0
HW0118-711MM,Free,0,0,0,0,0,0,0,0
HW0118-750MM,Free,0,0,0,0,0,0,0,0
HW0118-813MM,Free,0,0,0,0,0,0,0,0
HW0118-900MM,Free,0,0,0,0,0,0,0,0
BS0110-BK,Free,0,0,0,0,0,0,0,0
BS0110-SL,Free,0,0,0,0,0,0,0,0
BS0111-BK,Free,0,0,0,0,0,0,0,0
BS0111-SL,Free,0,0,0,0,0,0,0,0
MS1004-D-WH,Free,0,0,0,0,0,0,0,0
MS1004-K-WH,Free,0,0,0,0,0,0,0,0
MS1004-KS-WH,Free,0,0,0,0,0,0,0,0
MS1004-Q-WH,Free,0,0,0,0,0,0,0,0
MS1004-S-WH,Free,0,0,0,0,0,0,0,0
MS1005-D-WH,Free,0,0,0,0,0,0,0,0
MS1005-K-WH,Free,0,0,0,0,0,0,0,0
MS1005-KS-WH,Free,0,0,0,0,0,0,0,0
MS1005-Q-WH,Free,0,0,0,0,0,0,0,0
MS1005-S-WH,Free,0,0,0,0,0,0,0,0
NI1036-OA,Free,0,0,0,0,0,0,0,0
NI1037-OA,Free,0,0,0,0,0,0,0,0
NI1038-GY,Free,0,0,0,0,0,0,0,0
NI1038-WH,Free,0,0,0,0,0,0,0,0
CH1041-2-BK,Free,0,0,0,0,0,0,0,0
COMDESK1004-OA,Free,0,0,0,0,0,0,0,0
COMDESK1004-WA,Free,0,0,0,0,0,0,0,0
DT2003-FOLD,Free,0,0,0,0,0,0,0,0
DT2003-OA,Free,0,0,0,0,0,0,0,0
DT2003-WH,Free,0,0,0,0,0,0,0,0
OF1018-GY,Free,0,0,0,0,0,0,0,0
OF1018-GY-NOP,Free,0,0,0,0,0,0,0,0
OF1031-BK,Free,0,0,0,0,0,0,0,0
OF1031-GY,Free,0,0,0,0,0,0,0,0
CH1042-BK,Free,0,0,0,0,0,0,0,0
CH1042-BL,Free,0,0,0,0,0,0,0,0
CH1042-GD,Free,0,0,0,0,0,0,0,0
CH1042-GY,Free,0,0,0,0,0,0,0,0
OD1016-BK,Free,0,0,0,0,0,0,0,0
HW0130-BK,Free,0,0,0,0,0,0,0,0
HW0130-SL,Free,0,0,0,0,0,0,0,0
BED1005-2-WH,Free,0,0,0,0,0,0,0,0
BED1006-2-WH,Free,0,0,0,0,0,0,0,0
BED1007-2-WH,Free,0,0,0,0,0,0,0,0
E0096-S,Free,0,0,0,0,0,0,0,0
E0165-K,Free,0,0,0,0,0,0,0,0
MT1006-D-WH,Free,0,0,0,0,0,0,0,0
MT1006-K-WH,Free,0,0,0,0,0,0,0,0
MT1006-Q-WH,Free,0,0,0,0,0,0,0,0
UM1195-3-BK,Free,0,0,0,0,0,0,0,0
UM1195-4-BK,Free,0,0,0,0,0,0,0,0
UM1195-5-BK,Free,0,0,0,0,0,0,0,0
